product_id;aisle_id;department_id;quantity_sold;ratio_reordered
1000;18;10;394;0.4137055837563452
10017;39;12;2212;0.6989150090415913
1006;108;16;32;0.59375
10060;72;13;333;0.3633633633633634
10070;84;16;808;0.9183168316831684
10108;24;4;705;0.7645390070921986
10121;15;12;242;0.628099173553719
10132;21;16;2358;0.8350296861747244
10151;123;4;79;0.620253164556962
10193;123;4;73;0.726027397260274
10246;83;4;3852;0.696521287642783
1025;16;4;2541;0.6792601338055884
10305;24;4;1122;0.6327985739750446
10326;24;4;2;0.5
10385;83;4;1206;0.6169154228855721
10473;53;16;29;0.896551724137931
10492;66;6;385;0.5506493506493506
10504;83;4;906;0.5916114790286976
10565;66;6;330;0.2727272727272727
10603;122;12;1128;0.8040780141843972
10613;123;4;40;0.8
10621;83;4;1081;0.6845513413506013
1063;17;13;363;0.6639118457300276
10644;19;13;1687;0.6129223473621814
10749;83;4;8833;0.8218045963998641
10761;120;16;1063;0.8222013170272813
10768;120;16;650;0.7892307692307692
10798;36;16;473;0.7505285412262156
10814;106;12;1092;0.7142857142857143
10831;120;16;1290;0.8643410852713178
10895;21;16;683;0.7774524158125915
1090;4;9;698;0.5988538681948424
10912;120;16;965;0.7958549222797927
10960;104;13;395;0.3670886075949367
11005;108;16;1919;0.6373110995310057
11046;2;16;387;0.43669250645994834
11068;21;16;1513;0.7402511566424322
11078;131;9;567;0.4673721340388007
11090;21;16;219;0.6712328767123288
11109;108;16;583;0.7838765008576329
11140;123;4;1904;0.8303571428571429
1117;106;12;154;0.6233766233766234
11182;123;4;2104;0.7053231939163498
11250;51;13;292;0.6164383561643836
11361;91;16;22;0.7272727272727273
11365;32;4;5;0.4
11422;120;16;1706;0.8862837045720985
11481;63;9;422;0.7511848341232228
11512;120;16;1030;0.7834951456310679
11520;86;16;5646;0.8985122210414452
11526;83;4;268;0.2947761194029851
11710;2;16;461;0.7245119305856833
11712;86;16;1164;0.8917525773195877
11737;120;16;705;0.8241134751773049
11755;104;13;176;0.2215909090909091
11777;123;4;3034;0.7679630850362558
11782;24;4;1977;0.637329286798179
11790;17;13;281;0.34519572953736655
1181;24;4;114;0.8245614035087719
11827;51;13;22;0.7727272727272727
11837;17;13;158;0.34810126582278483
12015;83;4;155;0.3870967741935484
1203;88;13;305;0.6622950819672131
12036;131;9;226;0.5575221238938053
12078;21;16;1;0
12087;4;9;39;0.5641025641025641
12099;120;16;872;0.8543577981651376
12113;17;13;291;0.10652920962199312
12157;66;6;309;0.2783171521035599
12206;9;9;1794;0.5613154960981048
12254;123;4;844;0.5367298578199052
12260;104;13;46;0.2826086956521739
12290;2;16;288;0.4479166666666667
12320;9;9;369;0.5636856368563685
12341;32;4;3448;0.8474477958236659
12357;83;4;403;0.5136476426799007
12384;91;16;1005;0.9273631840796019
12395;120;16;479;0.8308977035490606
12409;19;13;1163;0.36113499570077384
12419;16;4;1173;0.38704177323103156
1244;83;4;1768;0.6792986425339367
12456;106;12;1831;0.7291097760786456
12496;83;4;153;0.4444444444444444
12508;83;4;69;0.5507246376811594
12545;91;16;420;0.7380952380952381
12564;131;9;307;0.48859934853420195
12614;83;4;1269;0.8400315208825847
1263;21;16;65;0.8615384615384616
12703;123;4;593;0.5733558178752108
12732;35;12;432;0.6828703703703703
12745;120;16;1205;0.8174273858921162
12779;83;4;233;0.5064377682403434
12872;131;9;1175;0.6655319148936171
12899;21;16;32;0.46875
12962;88;13;391;0.4040920716112532
12980;83;4;852;0.6995305164319249
13076;123;4;311;0.5498392282958199
13083;108;16;669;0.7653213751868461
13166;84;16;1451;0.9345279117849759
13176;24;4;35844;0.9463508536993639
13198;122;12;1563;0.745361484325016
13212;104;13;517;0.23984526112185686
13225;84;16;554;0.7581227436823105
13231;104;13;173;0.11560693641618497
13249;84;16;1011;0.8654797230464887
13263;120;16;605;0.7206611570247934
13269;120;16;304;0.7006578947368421
13280;19;13;278;0.5215827338129496
13409;2;16;281;0.604982206405694
13431;105;13;1024;0.615234375
13457;66;6;441;0.6349206349206349
13500;21;16;268;0.5522388059701493
13535;51;13;1314;0.6004566210045662
13536;21;16;36;0.6666666666666666
1359;104;13;448;0.14285714285714285
1360;88;13;431;0.5614849187935035
13629;83;4;2792;0.791189111747851
13639;17;13;193;0.43005181347150256
13640;24;4;220;0.509090909090909
13712;91;16;354;0.788135593220339
13733;83;4;1003;0.5623130608175474
1376;105;13;345;0.5333333333333333
13780;16;4;961;0.5119667013527576
13802;36;16;501;0.7025948103792415
13829;51;13;1971;0.649923896499239
13852;83;4;969;0.6480908152734778
13874;17;13;642;0.4968847352024922
13877;15;12;526;0.5855513307984791
13909;63;9;69;0.5507246376811594
13984;16;4;3531;0.6961200792976494
13988;83;4;759;0.4295125164690382
1408;123;4;803;0.7858032378580324
14084;91;16;1424;0.8995786516853933
14147;36;16;27;0.7407407407407407
14159;24;4;228;0.5043859649122807
1416;89;13;162;0.2839506172839506
14161;24;4;745;0.7140939597315437
14168;131;9;202;0.7079207920792079
14197;9;9;1322;0.45537065052950076
14218;86;16;862;0.9106728538283063
14332;72;13;830;0.3349397590361446
14429;104;13;362;0.3397790055248619
14462;110;13;1991;0.7051732797589151
14477;131;9;252;0.5912698412698413
14540;83;4;283;0.45936395759717313
14612;104;13;16;0.5625
1463;84;16;3582;0.9128978224455612
14634;36;16;9;0.4444444444444444
14647;30;6;289;0.40484429065743943
14651;24;4;1496;0.7159090909090909
1468;123;4;727;0.6024759284731774
14704;24;4;260;0.4269230769230769
14705;105;13;61;0.6557377049180327
14780;51;13;243;0.6625514403292181
148;24;4;410;0.6463414634146342
14814;106;12;757;0.7846763540290621
14852;9;9;890;0.7640449438202247
14870;120;16;704;0.8053977272727273
14897;83;4;177;0.6101694915254238
14917;120;16;231;0.6536796536796536
14976;104;13;179;0.12290502793296089
14992;83;4;3581;0.7439262775760961
14999;86;16;154;0.9415584415584416
15028;63;9;322;0.4968944099378882
1503;108;16;218;0.6651376146788991
15040;83;4;658;0.4756838905775076
15097;72;13;28;0.6428571428571429
15100;123;4;53;0.8679245283018868
1511;84;16;1384;0.9140173410404624
15134;71;16;23;0.6521739130434783
15143;24;4;364;0.5439560439560439
15200;83;4;551;0.6134301270417423
15261;16;4;1857;0.5304254173397954
15269;21;16;21;0.5714285714285714
1529;16;4;994;0.5935613682092555
15290;83;4;4178;0.7319291527046433
15359;17;13;61;0.6065573770491803
15392;72;13;1339;0.5504107542942495
15399;91;16;434;0.7373271889400922
1540;30;6;184;0.4782608695652174
15438;72;13;347;0.4783861671469741
15455;19;13;302;0.6390728476821192
15541;91;16;72;0.9166666666666666
1559;120;16;456;0.8442982456140351
15592;123;4;545;0.6844036697247706
15599;106;12;28;0.8214285714285714
15610;19;13;118;0.13559322033898305
15613;36;16;1235;0.7554655870445344
15622;30;6;173;0.2947976878612717
15649;83;4;1860;0.8693548387096774
15872;83;4;948;0.7521097046413502
15899;66;6;315;0.38095238095238093
15937;83;4;2974;0.7135171486213854
15984;120;16;498;0.7931726907630522
160;97;13;364;0.27472527472527475
16020;105;13;52;0.5384615384615384
16083;86;16;2556;0.8834115805946792
16168;86;16;214;0.6728971962616822
16174;72;13;125;0.384
16185;21;16;3655;0.7688098495212038
16249;83;4;609;0.6863711001642037
16325;104;13;166;0.18674698795180722
16349;83;4;2584;0.7062693498452013
16462;105;13;573;0.32809773123909247
16479;88;13;346;0.7138728323699421
16570;123;4;330;0.6272727272727273
16616;123;4;1163;0.7282889079965607
16617;21;16;977;0.7697031729785057
16759;83;4;4369;0.7463950560769055
16797;24;4;10629;0.8254774673064258
16830;2;16;355;0.4507042253521127
16882;123;4;321;0.6199376947040498
16953;88;13;417;0.7314148681055156
16973;110;13;474;0.5421940928270043
17008;21;16;200;0.735
17122;24;4;390;0.735897435897436
17123;24;4;413;0.5302663438256658
17183;120;16;413;0.6731234866828087
17200;88;13;276;0.5615942028985508
17264;30;6;15;0.4
17284;83;4;1686;0.6779359430604982
17313;24;4;38;0.23684210526315788
17316;84;16;587;0.9011925042589438
17400;83;4;227;0.32599118942731276
17454;7;12;427;0.6791569086651054
17461;35;12;2624;0.8064024390243902
17553;120;16;545;0.7559633027522936
17579;120;16;433;0.7621247113163973
17600;120;16;2310;0.806060606060606
17619;66;6;354;0.15254237288135594
17630;120;16;1056;0.8759469696969697
17704;123;4;278;0.6798561151079137
17758;120;16;952;0.7163865546218487
17789;91;16;465;0.7505376344086021
17794;83;4;10906;0.8211076471666973
17795;83;4;1574;0.6886912325285895
17828;106;12;286;0.6083916083916084
1787;66;6;295;0.3288135593220339
17872;120;16;1817;0.7374793615850302
17878;49;12;586;0.7372013651877133
17902;86;16;346;0.7716763005780347
17949;21;16;1601;0.8251093066833229
18019;4;9;18;0.6111111111111112
18078;123;4;294;0.6462585034013606
18090;24;4;827;0.6203143893591294
18159;123;4;795;0.6691823899371069
18171;88;13;434;0.6059907834101382
1819;88;13;262;0.6374045801526718
18232;122;12;602;0.5681063122923588
18234;83;4;1118;0.6726296958855098
18272;21;16;346;0.7312138728323699
18337;4;9;237;0.4978902953586498
18370;21;16;3249;0.724222837796245
18394;123;4;66;0.5454545454545454
18434;83;4;1057;0.7114474929044465
18441;72;13;1967;0.547025927808846
18465;86;16;4412;0.8569809610154125
18471;29;13;464;0.4245689655172414
18523;120;16;1828;0.8320568927789934
18531;53;16;4217;0.7277685558453877
18534;86;16;16;0.9375
18557;5;13;270;0.3
18594;21;16;1227;0.6405867970660146
18598;19;13;224;0.3705357142857143
18599;4;9;562;0.5391459074733096
18656;83;4;1452;0.5544077134986226
18670;91;16;403;0.794044665012407
18689;108;16;389;0.7634961439588689
18696;30;6;373;0.43699731903485256
18727;106;12;291;0.7147766323024055
18761;19;13;364;0.26373626373626374
18849;30;6;497;0.5291750503018109
18883;123;4;460;0.7978260869565217
18891;88;13;281;0.4412811387900356
1890;86;16;356;0.8455056179775281
18926;120;16;560;0.7607142857142857
18963;19;13;1196;0.48578595317725753
19003;83;4;471;0.5201698513800425
19005;17;13;27;0.37037037037037035
19048;83;4;3086;0.6085547634478289
19049;123;4;1296;0.7592592592592593
19057;24;4;8088;0.8591740850642928
19068;35;12;380;0.6473684210526316
19156;120;16;368;0.7608695652173914
19348;84;16;984;0.8597560975609756
19370;51;13;551;0.6823956442831216
19389;21;16;56;0.6785714285714286
1940;84;16;1010;0.9227722772277228
1942;19;13;200;0.12
19468;72;13;76;0.3684210526315789
19478;9;9;863;0.5666280417149478
19505;83;4;247;0.631578947368421
19511;53;16;340;0.7441176470588236
19519;104;13;353;0.19830028328611898
19604;24;4;30;0.8666666666666667
19613;83;4;310;0.6806451612903226
19653;19;13;14;0.35714285714285715
19677;91;16;1171;0.8368915456874466
19678;83;4;4752;0.7337962962962963
19691;32;4;346;0.630057803468208
19706;24;4;2321;0.7057302886686773
1979;66;6;151;0.4105960264900662
19820;84;16;736;0.9035326086956522
19938;131;9;421;0.42755344418052255
1994;131;9;206;0.46601941747572817
20022;17;13;164;0.40853658536585363
20034;16;4;263;0.5475285171102662
20082;84;16;1819;0.9395272127542605
20114;83;4;5517;0.7482327351821643
20168;88;13;283;0.48056537102473496
20383;123;4;339;0.5545722713864307
20431;89;13;355;0.6056338028169014
20463;84;16;25;0.88
20549;131;9;1047;0.448901623686724
20588;91;16;402;0.5970149253731343
20608;19;13;485;0.465979381443299
2063;21;16;370;0.6648648648648648
20632;123;4;987;0.7041540020263425
20760;106;12;322;0.48757763975155277
20776;63;9;25;0.24
2078;36;16;2257;0.8094816127603013
20842;120;16;2149;0.8045602605863192
20869;83;4;231;0.41125541125541126
20899;120;16;888;0.829954954954955
20919;123;4;45;0.4888888888888889
20940;84;16;9;0.2222222222222222
2099;17;13;250;0.588
210;9;9;394;0.7309644670050761
21077;24;4;634;0.7192429022082019
21137;24;4;33938;0.9344982026047498
21174;123;4;1302;0.6221198156682027
21183;83;4;278;0.35611510791366907
21195;19;13;909;0.6578657865786579
21288;24;4;1118;0.6914132379248659
21292;32;4;96;0.3229166666666667
21295;83;4;2005;0.5920199501246883
21333;108;16;126;0.8174603174603174
21334;123;4;399;0.5739348370927319
21403;16;4;600;0.42833333333333334
21405;83;4;4260;0.7258215962441315
21413;66;6;392;0.5357142857142857
21461;21;16;321;0.5763239875389408
21511;89;13;170;0.5588235294117647
21553;108;16;80;0.725
21616;123;4;9861;0.823040259608559
21681;72;13;213;0.19248826291079812
21724;66;6;456;0.31140350877192985
21795;19;13;18;0.6111111111111112
2180;131;9;610;0.5524590163934426
21872;123;4;1117;0.7162041181736795
21903;123;4;28777;0.9185113111165166
21910;53;16;256;0.640625
21925;123;4;29;0.7241379310344828
21927;35;12;1192;0.7894295302013423
21938;83;4;7517;0.7709192497006785
21955;9;9;468;0.6346153846153846
21996;72;13;210;0.18095238095238095
22000;72;13;276;0.17753623188405798
22025;120;16;793;0.7742749054224464
22031;123;4;249;0.4939759036144578
22034;104;13;275;0.1890909090909091
22035;21;16;8701;0.8707045167222158
22089;84;16;513;0.8615984405458089
2210;86;16;564;0.8705673758865248
22113;21;16;259;0.8185328185328186
22124;120;16;756;0.7711640211640212
22142;17;13;1241;0.5471394037066881
22151;120;16;611;0.723404255319149
22220;66;6;516;0.7945736434108527
22247;16;4;925;0.5081081081081081
22260;68;10;988;0.757085020242915
22275;66;6;36;0.3333333333333333
22298;120;16;740;0.8
22312;83;4;524;0.42748091603053434
22475;83;4;429;0.5361305361305362
22504;29;13;1052;0.470532319391635
22713;35;12;356;0.5814606741573034
22721;88;13;360;0.675
22788;21;16;33;0.7575757575757576
22825;24;4;7207;0.8130983765783266
22827;18;10;395;0.4506329113924051
22849;123;4;1173;0.5865302642796248
22882;21;16;16;0.5625
22888;122;12;857;0.7024504084014003
22890;17;13;77;0.5844155844155844
22922;19;13;827;0.43047158403869407
22935;83;4;17869;0.8696625440707371
2295;83;4;3545;0.6916784203102961
22952;131;9;113;0.584070796460177
22959;91;16;473;0.8604651162790697
23001;66;6;368;0.22554347826086957
23032;66;6;276;0.16304347826086957
23044;120;16;685;0.8029197080291971
23102;84;16;257;0.8521400778210116
2314;108;16;1951;0.5212711430035879
23165;83;4;3626;0.6321014892443464
23296;120;16;51;0.7843137254901961
23322;24;4;50;0.48
23339;83;4;547;0.5740402193784278
23341;86;16;26;0.8846153846153846
23375;9;9;2421;0.7591904171829822
23405;17;13;440;0.27045454545454545
2350;17;13;487;0.5995893223819302
23516;17;13;1808;0.519358407079646
23537;17;13;2118;0.42823418319169027
23541;5;13;373;0.47989276139410186
23543;86;16;956;0.7981171548117155
23594;51;13;305;0.5147540983606558
23622;83;4;1053;0.533713200379867
23634;21;16;396;0.6944444444444444
23644;21;16;556;0.7787769784172662
23734;108;16;1961;0.7113717491075982
23744;89;13;144;0.4722222222222222
23763;53;16;42;0.8571428571428571
2380;104;13;206;0.11165048543689321
23801;131;9;812;0.666256157635468
23854;123;4;370;0.6594594594594595
23909;84;16;655;0.8213740458015267
23986;120;16;497;0.744466800804829
24009;63;9;1375;0.5403636363636364
24024;84;16;1532;0.9157963446475196
24097;131;9;100;0.58
24135;24;4;7;0.5714285714285714
24184;83;4;6717;0.7927646270656543
24221;24;4;1489;0.7031564808596373
24263;131;9;344;0.29651162790697677
2433;24;4;95;0.3368421052631579
24382;89;13;452;0.3053097345132743
24390;24;4;1025;0.5668292682926829
24427;21;16;21;0.6190476190476191
2447;123;4;338;0.46449704142011833
24497;83;4;322;0.45962732919254656
2450;30;6;1524;0.6856955380577427
24535;120;16;761;0.783180026281209
24622;83;4;468;0.4935897435897436
24799;120;16;1682;0.8043995243757431
2481;21;16;26;0.6538461538461539
24830;123;4;3329;0.7617903274256533
24838;91;16;4750;0.868421052631579
24852;24;4;40908;0.9604478341644667
24933;83;4;438;0.5251141552511416
24954;120;16;535;0.7289719626168224
24964;83;4;18326;0.8772781840008731
25005;63;9;1225;0.4963265306122449
25087;131;9;568;0.31514084507042256
25093;21;16;722;0.7409972299168975
25133;21;16;659;0.7830045523520486
25138;120;16;1800;0.8383333333333334
25170;66;6;44;0.3181818181818182
25230;123;4;491;0.8105906313645621
25256;84;16;1207;0.6106048053024027
25272;24;4;422;0.7014218009478673
25340;24;4;2327;0.7327030511388053
2535;2;16;264;0.6363636363636364
2537;9;9;486;0.6296296296296297
25495;120;16;9;0.4444444444444444
25533;21;16;325;0.7938461538461539
25588;24;4;1557;0.5895953757225434
25640;24;4;1113;0.6001796945193172
25647;83;4;679;0.5994108983799705
25659;91;16;4907;0.7002241695536988
25705;83;4;699;0.8125894134477826
25706;53;16;58;0.7931034482758621
25804;91;16;77;0.8701298701298701
25837;21;16;578;0.7889273356401384
25886;63;9;242;0.384297520661157
25890;49;12;5972;0.8233422638981915
25919;21;16;247;0.5708502024291497
2593;17;13;299;0.24414715719063546
25931;123;4;1812;0.8543046357615894
25949;120;16;612;0.8366013071895425
25985;106;12;41;0.7317073170731707
260;24;4;4028;0.7586891757696127
26032;21;16;476;0.7058823529411765
26096;24;4;357;0.5826330532212886
26118;131;9;61;0.32786885245901637
26131;120;16;822;0.7895377128953771
26172;108;16;260;0.7192307692307692
26209;24;4;20192;0.8730190174326465
26242;63;9;503;0.4850894632206759
26283;83;4;3345;0.708221225710015
26307;19;13;248;0.18951612903225806
26324;122;12;399;0.7919799498746867
26346;84;16;444;0.9121621621621622
26369;83;4;4213;0.7621647282221695
26373;17;13;85;0.3764705882352941
26384;86;16;935;0.7893048128342246
26497;83;4;1007;0.5998013902681232
2651;72;13;322;0.4440993788819876
26604;24;4;5909;0.7850736165171772
26648;24;4;702;0.5356125356125356
26683;91;16;134;0.5746268656716418
26723;24;4;563;0.5950266429840142
26751;9;9;592;0.6047297297297297
26767;17;13;20;0.5
26769;19;13;117;0.358974358974359
26800;123;4;1302;0.6359447004608295
26842;122;12;364;0.5659340659340659
26882;83;4;400;0.54
26915;120;16;630;0.8222222222222222
26940;83;4;2924;0.6915184678522572
27012;123;4;482;0.5601659751037344
27020;24;4;118;0.6271186440677966
27044;88;13;270;0.662962962962963
27086;53;16;6390;0.8436619718309859
27104;83;4;10157;0.8094909914344787
27142;91;16;406;0.5443349753694581
2716;120;16;626;0.7284345047923323
27171;17;13;390;0.3230769230769231
27196;108;16;64;0.671875
27241;36;16;522;0.7260536398467433
27243;17;13;795;0.5547169811320755
27247;91;16;411;0.8953771289537713
27288;105;13;141;0.7588652482269503
27307;86;16;533;0.8986866791744841
27323;108;16;314;0.6210191082802548
27336;123;4;2219;0.6462370437133844
27360;49;12;49;0.9183673469387755
27363;66;6;323;0.29721362229102166
27392;120;16;424;0.7617924528301887
27423;4;9;274;0.6751824817518248
27429;21;16;16;0.5
27451;17;13;725;0.3986206896551724
27521;83;4;6259;0.8151461894871386
27531;53;16;324;0.7592592592592593
27548;21;16;1106;0.7513562386980108
2763;106;12;471;0.6963906581740976
27662;86;16;292;0.8356164383561644
27695;106;12;2037;0.8051055473735886
27705;120;16;336;0.8035714285714286
27730;91;16;636;0.8632075471698113
27744;53;16;1568;0.7455357142857143
27796;72;13;159;0.6981132075471698
27801;108;16;46;0.5652173913043478
27845;84;16;20097;0.933820968303727
27881;110;13;716;0.49022346368715086
27925;24;4;549;0.5245901639344263
27958;35;12;187;0.41711229946524064
27966;123;4;16537;0.8892785874100502
27999;123;4;382;0.34293193717277487
28079;131;9;251;0.5219123505976095
28156;120;16;1218;0.7085385878489326
28199;123;4;3577;0.7302208554654739
28204;24;4;7120;0.8230337078651685
28278;131;9;1145;0.617467248908297
28289;123;4;3123;0.7460774895933397
28299;21;16;25;0.52
283;131;9;531;0.5404896421845574
2838;89;13;191;0.43455497382198954
28413;83;4;1;0
28427;84;16;221;0.8868778280542986
2846;83;4;901;0.7003329633740288
28465;120;16;1790;0.835195530726257
28476;108;16;1648;0.8185679611650486
28527;72;13;202;0.16831683168316833
28535;51;13;849;0.657243816254417
28601;83;4;1407;0.6687988628287136
28769;106;12;525;0.5504761904761905
28785;72;13;1048;0.3501908396946565
28805;17;13;44;0.25
28826;97;13;219;0.3013698630136986
28842;16;4;5898;0.7480501865038997
28851;86;16;433;0.745958429561201
28985;83;4;7940;0.8289672544080604
28986;106;12;968;0.5754132231404959
28990;16;4;132;0.4772727272727273
28993;83;4;521;0.581573896353167
28999;122;12;447;0.5391498881431768
29079;104;13;318;0.1320754716981132
29095;108;16;103;0.883495145631068
29127;91;16;802;0.6346633416458853
29223;24;4;11;0.18181818181818182
29307;123;4;1078;0.7040816326530612
29311;63;9;531;0.5875706214689266
29328;123;4;350;0.5942857142857143
29334;83;4;260;0.4076923076923077
29382;19;13;36;0.5
29398;24;4;730;0.5452054794520548
29439;110;13;709;0.38928067700987307
29447;84;16;2581;0.9314219294846958
29487;83;4;2521;0.764379214597382
29594;120;16;1059;0.7837582625118036
2962;84;16;593;0.9038785834738617
29650;122;12;429;0.49417249417249415
29662;83;4;1859;0.6266810112963959
29668;83;4;383;0.5352480417754569
29675;83;4;1319;0.7808946171341926
29694;19;13;175;0.29714285714285715
29740;104;13;325;0.2
29894;17;13;274;0.21532846715328466
29898;131;9;1005;0.6407960199004975
29941;24;4;1133;0.6063548102383054
29987;21;16;4045;0.6833127317676143
29993;84;16;452;0.6880530973451328
30021;19;13;71;0.39436619718309857
30027;83;4;307;0.4723127035830619
30057;131;9;27;0.18518518518518517
30064;17;13;22;0.3181818181818182
30169;120;16;1186;0.7403035413153457
30233;86;16;3621;0.904170118751726
30305;83;4;903;0.5326688815060908
30391;83;4;10396;0.8451327433628318
30406;83;4;914;0.5153172866520788
30442;120;16;828;0.7814009661835749
30450;88;13;1930;0.6455958549222798
30720;83;4;1761;0.6019307211811471
30731;17;13;62;0.7419354838709677
30756;24;4;175;0.4514285714285714
30827;32;4;67;0.7313432835820896
30849;24;4;154;0.5584415584415584
30855;88;13;257;0.45136186770428016
30949;120;16;1116;0.8512544802867383
30960;106;12;27;0.6666666666666666
31130;104;13;377;0.4005305039787798
31215;120;16;960;0.7583333333333333
31275;17;13;202;0.16831683168316833
31288;120;16;674;0.8427299703264095
31338;88;13;497;0.4869215291750503
31343;21;16;3415;0.747584187408492
31372;17;13;260;0.3769230769230769
31404;120;16;478;0.7573221757322176
3142;63;9;1198;0.5392320534223706
31471;17;13;428;0.5817757009345794
31486;17;13;49;0.5102040816326531
31506;19;13;6480;0.7188271604938271
31553;83;4;2854;0.7302032235459005
31557;24;4;493;0.5537525354969574
31562;83;4;716;0.6005586592178771
31618;21;16;433;0.7321016166281755
31635;120;16;600;0.775
31717;16;4;10375;0.8057831325301205
31720;84;16;1146;0.9136125654450262
31805;32;4;435;0.6091954022988506
31915;24;4;1291;0.7939581719597212
31927;9;9;717;0.7224546722454672
31981;84;16;80;0.8375
32030;21;16;446;0.804932735426009
32035;4;9;168;0.47619047619047616
32177;24;4;1464;0.5840163934426229
32197;83;4;339;0.45722713864306785
32299;72;13;494;0.4068825910931174
32303;24;4;300;0.37666666666666665
32331;120;16;15;0.8
32338;88;13;25;0.76
32347;36;16;279;0.7419354838709677
32360;4;9;532;0.7086466165413534
32403;84;16;35;0.7142857142857143
32429;24;4;784;0.6977040816326531
3243;83;4;1;1
32446;83;4;215;0.4697674418604651
32465;123;4;639;0.7276995305164319
32467;83;4;522;0.7203065134099617
32478;84;16;284;0.8345070422535211
32486;21;16;326;0.7239263803680982
32537;16;4;758;0.6121372031662269
32566;84;16;461;0.9370932754880694
32605;83;4;16;0.375
32624;83;4;304;0.4243421052631579
32638;72;13;12;0.4166666666666667
3265;32;4;55;0.8545454545454545
32652;123;4;359;0.5459610027855153
32655;86;16;3256;0.902027027027027
32684;86;16;21;0.9047619047619048
32689;123;4;2270;0.724669603524229
32700;53;16;66;0.7272727272727273
32734;131;9;2114;0.6816461684011353
32747;84;16;656;0.8658536585365854
32784;21;16;24;0.625
32839;106;12;460;0.5108695652173914
32850;17;13;519;0.49710982658959535
32864;123;4;2413;0.7277248238707004
329;84;16;1921;0.8901613742842269
3298;21;16;101;0.7524752475247525
32981;71;16;176;0.6647727272727273
33000;36;16;2875;0.8212173913043478
33043;105;13;1253;0.6759776536312849
33055;24;4;1300;0.7538461538461538
33081;106;12;42;0.38095238095238093
33120;86;16;1739;0.7975848188614146
33147;83;4;4;0
33206;4;9;212;0.41509433962264153
33232;91;16;248;0.6048387096774194
33279;106;12;561;0.5989304812834224
33303;123;4;483;0.8467908902691511
33352;123;4;999;0.7547547547547547
3339;123;4;737;0.5590230664857531
33401;21;16;1882;0.6695005313496281
33407;110;13;466;0.5879828326180258
33438;63;9;306;0.46405228758169936
33443;24;4;259;0.5598455598455598
33548;120;16;49;0.8571428571428571
33572;91;16;689;0.8795355587808418
33636;4;9;714;0.6568627450980392
33731;21;16;7865;0.7888111888111888
33754;120;16;2837;0.8501938667606627
33768;83;4;1179;0.720949957591179
33787;120;16;1985;0.8523929471032745
33791;120;16;28;0.6785714285714286
3382;83;4;441;0.3922902494331066
33825;88;13;247;0.47368421052631576
33845;120;16;623;0.812199036918138
33884;104;13;380;0.18947368421052632
34005;24;4;277;0.5451263537906137
34034;9;9;209;0.5454545454545454
34049;83;4;235;0.4297872340425532
34067;29;13;161;0.484472049689441
34092;72;13;26;0.38461538461538464
34126;16;4;11317;0.796677564725634
34190;66;6;265;0.4377358490566038
34234;86;16;64;0.8125
34243;83;4;4351;0.7549988508388876
343;123;4;193;0.7046632124352331
34358;83;4;3962;0.817768803634528
34401;30;6;354;0.6045197740112994
34429;83;4;527;0.7381404174573055
34450;24;4;227;0.42731277533039647
34487;24;4;96;0.8541666666666666
34496;9;9;182;0.47802197802197804
34530;7;12;1332;0.6539039039039038
34551;17;13;913;0.4589266155531216
34582;88;13;19;0.631578947368421
34608;84;16;462;0.5411255411255411
3464;83;4;2279;0.6397542781921896
34668;86;16;790;0.7987341772151899
3479;53;16;483;0.5590062111801242
3481;24;4;1035;0.6454106280193237
34824;83;4;413;0.6077481840193705
34969;83;4;5734;0.7818276944541332
34993;120;16;452;0.7168141592920354
35004;4;9;771;0.6303501945525292
35072;123;4;368;0.6222826086956522
35108;36;16;2652;0.7888386123680241
35163;83;4;957;0.7001044932079414
35167;30;6;397;0.4282115869017632
35176;108;16;475;0.6168421052631579
35217;19;13;683;0.2445095168374817
35233;24;4;720;0.5555555555555556
35263;104;13;80;0.2375
35321;84;16;313;0.6932907348242812
35503;91;16;1212;0.849009900990099
35510;83;4;950;0.6726315789473685
35535;83;4;1552;0.6166237113402062
35547;83;4;2237;0.7469825659365221
35628;120;16;1358;0.8438880706921944
35629;39;12;415;0.42650602409638555
35725;104;13;523;0.2294455066921606
35752;106;12;55;0.6363636363636364
35761;21;16;23;0.7391304347826086
35824;35;12;254;0.43700787401574803
3583;84;16;736;0.7595108695652174
35851;120;16;472;0.7266949152542372
35855;17;13;805;0.5428571428571428
35886;32;4;34;0.3235294117647059
35898;72;13;940;0.475531914893617
35914;84;16;737;0.9579375848032564
35921;86;16;1150;0.8913043478260869
35939;83;4;3510;0.715954415954416
35951;91;16;5769;0.860114404576183
35973;104;13;319;0.13793103448275862
36005;88;13;31;0.5483870967741935
36011;84;16;2994;0.9382097528390113
36070;123;4;1430;0.693006993006993
36082;24;4;1457;0.6403568977350721
36086;108;16;188;0.7074468085106383
36164;123;4;331;0.6858006042296072
36180;63;9;290;0.506896551724138
36186;86;16;40;0.825
3631;120;16;411;0.7834549878345499
36322;131;9;305;0.5049180327868853
36389;83;4;1044;0.6015325670498084
36431;106;12;69;0.7536231884057971
36522;35;12;638;0.6394984326018809
36550;86;16;1066;0.8161350844277674
36685;123;4;199;0.5979899497487438
36695;83;4;3996;0.7982982982982983
36724;66;6;1204;0.7591362126245847
36736;104;13;97;0.29896907216494845
36772;4;9;1059;0.7091595845136922
36854;72;13;71;0.5633802816901409
36865;120;16;1615;0.8377708978328173
36929;84;16;1011;0.7912957467853611
36956;123;4;310;0.4967741935483871
37011;83;4;722;0.6371191135734072
37029;108;16;1665;0.7375375375375376
37033;97;13;33;0.15151515151515152
37053;72;13;646;0.5897832817337462
37065;83;4;871;0.5453501722158438
37067;24;4;1651;0.7044215626892792
37096;17;13;28;0.42857142857142855
37107;104;13;757;0.3342140026420079
37131;83;4;154;0.6493506493506493
37141;120;16;330;0.696969696969697
37220;88;13;1684;0.6823040380047506
37288;83;4;1000;0.588
37449;21;16;41;0.7317073170731707
37524;2;16;1647;0.6442015786278081
37538;123;4;363;0.5702479338842975
37637;17;13;203;0.28078817733990147
37642;72;13;377;0.36074270557029176
37646;24;4;9175;0.8527520435967303
3765;91;16;213;0.8450704225352113
37654;36;16;11;0.6363636363636364
37687;123;4;2282;0.7353198948290973
37718;120;16;744;0.864247311827957
37766;123;4;1157;0.7234226447709594
37825;131;9;1179;0.6861747243426632
37892;83;4;228;0.5350877192982456
37940;120;16;32;0.71875
37947;120;16;636;0.8081761006289309
3800;108;16;52;0.7307692307692307
38028;123;4;546;0.6758241758241759
38051;83;4;384;0.4322916666666667
38067;17;13;488;0.32581967213114754
3808;19;13;30;0.4
38154;108;16;43;0.6976744186046512
38159;24;4;3791;0.7230282247428119
38231;17;13;381;0.4068241469816273
38241;120;16;24;0.6666666666666666
38266;16;4;336;0.46130952380952384
38273;9;9;1385;0.6433212996389892
38288;9;9;799;0.5694618272841051
38291;21;16;24;0.5
38293;35;12;3900;0.7879487179487179
38312;120;16;587;0.7717206132879046
38383;83;4;3435;0.7615720524017467
38400;83;4;1023;0.6559139784946236
38419;83;4;573;0.4572425828970332
3843;83;4;273;0.3626373626373626
38453;84;16;354;0.731638418079096
38456;24;4;2338;0.6779298545765612
38533;4;9;351;0.698005698005698
38544;120;16;921;0.8849077090119435
38557;24;4;423;0.3806146572104019
38558;108;16;352;0.7357954545454546
38562;123;4;395;0.6379746835443038
38596;108;16;599;0.4273789649415693
38647;21;16;394;0.6598984771573604
38650;63;9;1399;0.5303788420300214
38689;84;16;5303;0.9438053931736753
3869;72;13;362;0.31767955801104975
38693;24;4;555;0.5531531531531532
38720;89;13;267;0.5318352059925093
38739;83;4;997;0.6579739217652959
38768;32;4;6;0.5
38772;21;16;1174;0.6482112436115843
38777;123;4;3217;0.7252098228162884
38996;83;4;607;0.5815485996705108
39001;24;4;82;0.6951219512195121
39032;123;4;18;0.6111111111111112
39040;123;4;1179;0.712468193384224
39046;106;12;44;0.7727272727272727
39054;17;13;377;0.22281167108753316
39059;63;9;45;0.7111111111111111
39160;120;16;234;0.7136752136752137
39180;84;16;2148;0.9334264432029795
39190;91;16;626;0.6853035143769968
39247;24;4;273;0.47985347985347987
39275;123;4;8811;0.7882192713653388
39276;24;4;4;0.25
39374;104;13;220;0.3090909090909091
39408;24;4;1239;0.7021791767554479
39428;24;4;175;0.49142857142857144
39430;30;6;635;0.5968503937007874
39475;120;16;3447;0.8123005512039455
39485;63;9;218;0.481651376146789
3952;83;4;2775;0.7913513513513514
39527;84;16;532;0.8289473684210527
39545;105;13;22;0.45454545454545453
39558;83;4;1728;0.6331018518518519
39581;53;16;153;0.9215686274509803
39619;9;9;1944;0.6682098765432098
39693;16;4;472;0.510593220338983
39699;4;9;394;0.583756345177665
397;17;13;353;0.42776203966005666
39719;12;9;17;0.47058823529411764
39732;110;13;600;0.5316666666666666
39794;24;4;891;0.5757575757575758
39812;16;4;3836;0.6246089676746611
39844;83;4;114;0.631578947368421
39877;24;4;7382;0.8095367109184503
3990;21;16;82;0.8170731707317073
39922;123;4;351;0.6267806267806267
39928;24;4;7501;0.8286895080655913
39984;16;4;3059;0.625040863027133
3999;24;4;282;0.5283687943262412
39993;83;4;891;0.7205387205387206
40001;120;16;575;0.8139130434782609
40055;17;13;243;0.4156378600823045
4006;88;13;69;0.5797101449275363
40136;104;13;41;0.7073170731707317
40174;84;16;1328;0.8682228915662651
40198;120;16;1091;0.7396883593033914
40229;131;9;881;0.623155505107832
40233;110;13;542;0.518450184501845
40256;104;13;152;0.10526315789473684
40261;88;13;19;0.47368421052631576
40332;86;16;146;0.8493150684931506
40338;123;4;28;0.7142857142857143
40342;76;6;186;0.521505376344086
40354;24;4;23;0.4782608695652174
4037;88;13;212;0.4386792452830189
40377;19;13;1207;0.49544324772162385
40486;49;12;65;0.6615384615384615
40516;123;4;1131;0.5667550839964633
40571;120;16;1981;0.8626956082786471
40593;108;16;1103;0.6155938349954669
40604;21;16;4919;0.7117300264281358
4066;9;9;229;0.6026200873362445
40706;123;4;11557;0.8255602665051484
40708;83;4;377;0.47745358090185674
40723;24;4;1081;0.7520814061054579
40724;91;16;300;0.7266666666666667
40761;123;4;482;0.6120331950207469
4086;16;4;1149;0.5517841601392516
40878;4;9;279;0.6702508960573477
41006;104;13;270;0.1259259259259259
41055;19;13;472;0.21822033898305085
41065;83;4;1606;0.6986301369863014
41178;21;16;34;0.8823529411764706
41198;88;13;332;0.5210843373493976
41220;83;4;4690;0.7605543710021322
41238;4;9;319;0.6018808777429467
41259;83;4;1145;0.5903930131004367
41273;123;4;301;0.813953488372093
41329;123;4;408;0.5514705882352942
41352;17;13;143;0.2727272727272727
4149;24;4;207;0.6038647342995169
41540;83;4;858;0.6585081585081585
41570;17;13;788;0.36928934010152287
41593;21;16;953;0.5110178384050367
41610;63;9;510;0.39019607843137255
4163;4;9;569;0.5606326889279437
41665;21;16;1996;0.7770541082164328
41674;108;16;32;0.53125
41690;83;4;852;0.5469483568075117
41757;35;12;1125;0.7573333333333333
41787;24;4;3364;0.7601070154577884
41806;120;16;469;0.8486140724946695
41834;30;6;252;0.5158730158730159
41874;83;4;281;0.3701067615658363
41909;110;13;280;0.5357142857142857
4193;12;9;341;0.5366568914956011
41950;83;4;7926;0.8045672470350744
41960;83;4;358;0.48324022346368717
41999;83;4;258;0.6356589147286822
4210;84;16;2170;0.8599078341013825
42110;4;9;1343;0.6731198808637379
42242;17;13;219;0.3789954337899543
42244;120;16;1997;0.8132198297446169
42265;123;4;8039;0.8029605672347306
42315;83;4;526;0.5076045627376425
42356;88;13;1591;0.6348208673790069
424;131;9;195;0.4256410256410256
42421;104;13;153;0.058823529411764705
42445;120;16;1823;0.8584750411409764
42475;36;16;24;0.4583333333333333
42495;24;4;559;0.776386404293381
42557;88;13;703;0.6401137980085349
42625;16;4;1800;0.6338888888888888
42633;24;4;104;0.40384615384615385
4269;21;16;485;0.7030927835051546
42699;131;9;235;0.4127659574468085
42701;108;16;4424;0.7185804701627486
42736;36;16;5733;0.7706261991976278
4274;21;16;167;0.6347305389221557
42828;108;16;4544;0.8085387323943662
43014;123;4;634;0.7429022082018928
43076;131;9;489;0.4110429447852761
43086;123;4;1975;0.7478481012658228
43122;24;4;6070;0.8181219110378912
43129;5;13;1523;0.40183847669074196
432;91;16;1913;0.8625196027182436
43262;72;13;365;0.32602739726027397
43279;120;16;17;0.7647058823529411
43295;91;16;2084;0.8474088291746641
43352;32;4;3111;0.7348119575699132
43371;104;13;232;0.125
43394;91;16;1172;0.9419795221843004
4347;49;12;18;0.6666666666666666
43565;49;12;48;0.6666666666666666
43568;9;9;9;0.1111111111111111
4357;71;16;304;0.7467105263157895
43643;120;16;874;0.8226544622425629
43654;120;16;508;0.8208661417322834
43662;120;16;1266;0.80173775671406
4367;21;16;1010;0.6584158415841584
43692;21;16;345;0.6956521739130435
43712;108;16;655;0.4595419847328244
43713;88;13;2402;0.7073272273105745
43726;24;4;230;0.5521739130434783
43735;83;4;584;0.6815068493150684
43768;83;4;3661;0.7312209778748976
43772;83;4;1189;0.8242220353238016
43789;16;4;4609;0.712085050987199
43858;91;16;416;0.8293269230769231
43867;21;16;41;0.7073170731707317
43891;17;13;164;0.27439024390243905
43920;17;13;764;0.27486910994764396
43928;21;16;179;0.7318435754189944
43961;123;4;5797;0.7738485423494911
44008;120;16;1249;0.8606885508406725
44014;72;13;676;0.27218934911242604
44085;120;16;24;0.7916666666666666
44142;83;4;3908;0.7100818833162743
44156;120;16;88;0.8295454545454546
4421;106;12;1755;0.6586894586894587
44234;72;13;54;0.3888888888888889
44303;17;13;597;0.2780569514237856
44325;131;9;61;0.4262295081967213
44359;83;4;9644;0.7922024056408129
44368;21;16;44;0.7045454545454546
44372;63;9;235;0.4
44479;21;16;859;0.7427240977881258
44514;83;4;694;0.5806916426512968
44570;83;4;747;0.6867469879518072
44580;83;4;340;0.4176470588235294
4461;19;13;836;0.3277511961722488
44628;72;13;1750;0.3668571428571429
44661;83;4;1810;0.6519337016574586
44683;83;4;2098;0.6649189704480457
4472;91;16;913;0.8159912376779846
44765;21;16;1719;0.8307155322862129
44795;24;4;309;0.540453074433657
44799;86;16;221;0.9638009049773756
44830;88;13;170;0.5176470588235295
44910;123;4;2559;0.7182493161391168
44912;17;13;708;0.1553672316384181
44949;120;16;462;0.8051948051948052
44987;53;16;2399;0.641517298874531
45;83;4;2471;0.8008903278025091
45002;19;13;628;0.29777070063694266
45007;83;4;15160;0.8363456464379947
45063;123;4;746;0.6474530831099196
45066;24;4;8684;0.8592814371257484
45104;91;16;542;0.6734317343173432
45106;120;16;858;0.7703962703962703
45200;83;4;1411;0.6413890857547838
45210;120;16;504;0.7321428571428571
45249;105;13;192;0.484375
45290;131;9;37;0.5675675675675675
4541;24;4;435;0.4804597701149425
45504;84;16;1279;0.9288506645817045
45570;120;16;557;0.7684021543985637
45582;131;9;303;0.528052805280528
45608;104;13;352;0.3181818181818182
4562;83;4;1645;0.6826747720364742
45633;106;12;2465;0.7123732251521299
45646;21;16;809;0.5982694684796045
45664;104;13;298;0.1342281879194631
45679;4;9;380;0.7236842105263158
45763;83;4;644;0.8695652173913043
45842;108;16;409;0.6332518337408313
45946;120;16;442;0.753393665158371
45957;51;13;257;0.5797665369649806
46023;120;16;18;0.6111111111111112
46041;106;12;49;0.7755102040816326
4605;83;4;8488;0.8060791705937794
46069;123;4;838;0.6968973747016707
46147;72;13;112;0.44642857142857145
46206;24;4;691;0.638205499276411
46266;32;4;54;0.8148148148148148
46294;16;4;430;0.4883720930232558
46313;21;16;380;0.7105263157894737
46359;104;13;200;0.115
46473;17;13;69;0.5072463768115942
46505;63;9;690;0.463768115942029
46522;131;9;228;0.6403508771929824
46526;123;4;330;0.5121212121212121
4656;88;13;1247;0.627906976744186
46575;21;16;261;0.7011494252873564
46584;120;16;1630;0.7895705521472393
46650;21;16;629;0.7488076311605724
46654;86;16;787;0.6836086404066074
46667;83;4;7792;0.7488449691991786
46676;120;16;1695;0.7628318584070797
4671;83;4;306;0.5294117647058824
46738;123;4;400;0.6975
4675;83;4;149;0.6174496644295302
46804;17;13;65;0.07692307692307693
46817;120;16;54;0.7777777777777778
46820;91;16;835;0.7868263473053893
46886;120;16;946;0.733615221987315
46906;24;4;4621;0.7695304046743129
46941;21;16;37;0.5675675675675675
46962;104;13;713;0.26367461430575034
46969;24;4;3280;0.7792682926829269
46979;83;4;7867;0.7675098512774883
46990;7;12;830;0.8096385542168675
47008;66;6;454;0.43832599118942733
47029;120;16;755;0.7350993377483444
47042;83;4;1395;0.6508960573476702
47087;120;16;301;0.7408637873754153
47144;91;16;1849;0.8334234721471065
47145;123;4;47;0.6595744680851063
47156;53;16;670;0.746268656716418
47185;36;16;71;0.6901408450704225
47209;24;4;26549;0.9222192926287243
47226;104;13;21;0.42857142857142855
47229;123;4;375;0.568
4724;32;4;4;0.5
47284;17;13;38;0.5
47333;2;16;298;0.5033557046979866
47348;97;13;32;0.28125
47388;120;16;530;0.7528301886792453
47402;24;4;3;0
47479;72;13;26;0.5384615384615384
47500;104;13;296;0.2195945945945946
47526;21;16;860;0.5918604651162791
47547;104;13;376;0.23404255319148937
47601;36;16;1014;0.7485207100591716
47626;24;4;18285;0.8761826633852885
47630;24;4;1133;0.6407766990291263
47672;106;12;2406;0.7801330008312551
47734;83;4;2997;0.6322989656322989
47759;24;4;1023;0.718475073313783
47766;24;4;19228;0.9233409610983981
47788;24;4;852;0.6549295774647887
4781;91;16;480;0.7875
47862;83;4;289;0.4913494809688581
47890;123;4;488;0.6639344262295082
47900;106;12;613;0.8205546492659054
47912;120;16;1033;0.8441432720232332
4793;120;16;1216;0.8733552631578947
4796;83;4;683;0.6705710102489019
47962;49;12;41;0.8536585365853658
4799;21;16;5262;0.7837324211326492
48017;5;13;354;0.11864406779661017
481;104;13;491;0.18329938900203666
48104;91;16;1428;0.626750700280112
48135;29;13;207;0.47342995169082125
48192;36;16;46;0.8260869565217391
48204;66;6;271;0.3210332103321033
48205;123;4;543;0.6721915285451197
48220;120;16;487;0.7885010266940452
48299;123;4;53;0.49056603773584906
48357;63;9;224;0.3482142857142857
48364;83;4;2773;0.720519293184277
48395;63;9;972;0.6882716049382716
48437;104;13;382;0.29581151832460734
48527;24;4;3;0.3333333333333333
4853;83;4;360;0.42777777777777776
48679;83;4;8708;0.7989205328433624
48697;19;13;1363;0.491562729273661
48705;21;16;25;0.6
48726;120;16;743;0.7362045760430687
48745;83;4;3016;0.6737400530503979
48775;83;4;2552;0.6105015673981191
48795;106;12;550;0.6727272727272727
48802;131;9;298;0.5805369127516778
4889;83;4;34;0.7941176470588235
49026;84;16;570;0.7912280701754386
49098;83;4;42;0.7857142857142857
49128;66;6;264;0.32196969696969696
49139;51;13;7;0.42857142857142855
49176;105;13;12;0.3333333333333333
4920;123;4;8076;0.7980435859336306
49235;53;16;6126;0.8712047012732616
49236;122;12;793;0.7515762925598991
49247;120;16;701;0.7360912981455064
49383;83;4;2328;0.6417525773195877
4942;91;16;535;0.902803738317757
4945;123;4;762;0.8123359580052494
49478;24;4;557;0.6086175942549371
49481;5;13;130;0.4461538461538462
49517;84;16;125;0.864
49533;17;13;1353;0.4789356984478936
4957;120;16;1901;0.8421883219358233
49585;19;13;543;0.4143646408839779
49610;91;16;266;0.849624060150376
4962;120;16;991;0.9011099899091827
49628;120;16;574;0.7491289198606271
4966;66;6;28;0.25
49683;83;4;9550;0.8425130890052356
5025;83;4;2760;0.6605072463768116
5067;29;13;23;0.391304347826087
5068;32;4;480;0.6270833333333333
5097;21;16;29;0.5862068965517241
5098;17;13;32;0.4375
5120;91;16;399;0.8446115288220551
5161;18;10;825;0.7963636363636364
5184;83;4;244;0.3770491803278688
5212;123;4;2777;0.8365142239827151
5240;131;9;1067;0.6138706654170571
5266;5;13;220;0.21363636363636362
5337;21;16;852;0.6619718309859155
5380;16;4;420;0.5904761904761905
5383;131;9;296;0.5168918918918919
5390;122;12;649;0.44684129429892144
5450;24;4;5504;0.8070494186046512
5451;83;4;465;0.7010752688172043
546;51;13;360;0.475
5460;36;16;269;0.7843866171003717
5547;66;6;328;0.7835365853658537
5550;120;16;1185;0.8135021097046413
5578;83;4;284;0.6091549295774648
5605;104;13;344;0.13953488372093023
5612;84;16;570;0.7210526315789474
5618;83;4;544;0.4375
5621;104;13;621;0.2689210950080515
5640;91;16;246;0.8455284552845529
5646;106;12;1976;0.7459514170040485
5652;83;4;1289;0.49495733126454616
5746;53;16;867;0.6816608996539792
5750;120;16;81;0.7901234567901234
5782;86;16;82;0.8292682926829268
5785;84;16;4283;0.9035722624328741
581;83;4;751;0.640479360852197
5818;83;4;1264;0.7128164556962026
5819;123;4;10;0.6
5825;83;4;75;0.52
5876;24;4;10527;0.8504797188182768
5912;16;4;637;0.4065934065934066
5933;39;12;446;0.336322869955157
5991;83;4;822;0.5036496350364964
6000;123;4;239;0.6443514644351465
6020;104;13;208;0.10096153846153846
6046;35;12;2972;0.8257065948855989
6101;131;9;373;0.6005361930294906
6104;120;16;2187;0.8221307727480567
6177;72;13;89;0.5056179775280899
6184;32;4;50;0.52
6193;21;16;445;0.6741573033707865
6218;83;4;197;0.6852791878172588
6238;123;4;283;0.3745583038869258
6341;86;16;194;0.6855670103092784
6347;91;16;574;0.9059233449477352
6348;21;16;1770;0.7745762711864407
6383;86;16;29;0.7241379310344828
6473;24;4;195;0.7282051282051282
6508;120;16;239;0.6443514644351465
651;36;16;1726;0.7578215527230591
6532;120;16;1022;0.8326810176125244
6550;17;13;9;0.3333333333333333
6615;21;16;713;0.5820476858345021
6649;19;13;203;0.2857142857142857
6740;24;4;1631;0.6768853464132434
6774;86;16;430;0.872093023255814
6860;89;13;176;0.42045454545454547
6871;2;16;170;0.3764705882352941
6873;83;4;2072;0.7147683397683398
6948;91;16;1105;0.9085972850678733
7010;63;9;682;0.5777126099706745
7041;2;16;628;0.44745222929936307
7054;120;16;785;0.7859872611464969
7131;21;16;390;0.7666666666666667
7156;120;16;794;0.7518891687657431
7175;91;16;1334;0.7166416791604198
7228;89;13;236;0.3305084745762712
7308;88;13;279;0.6057347670250897
7358;30;6;140;0.5714285714285714
7419;83;4;33;0.42424242424242425
7500;17;13;1595;0.3561128526645768
7533;120;16;26;0.7692307692307693
7559;105;13;1560;0.7333333333333333
7600;51;13;11;0.5454545454545454
7628;83;4;824;0.5970873786407767
7632;72;13;509;0.25147347740667975
7676;120;16;391;0.8184143222506394
7704;104;13;268;0.34701492537313433
7746;104;13;1000;0.333
7751;72;13;981;0.48623853211009177
7781;21;16;3632;0.8474669603524229
781;21;16;1523;0.7649376231122784
7821;89;13;157;0.42038216560509556
7877;49;12;186;0.6612903225806451
7948;36;16;3585;0.7394700139470014
7952;106;12;665;0.6421052631578947
7969;24;4;763;0.6028833551769331
7987;88;13;14;0.7857142857142857
8006;110;13;422;0.4881516587677725
8025;106;12;543;0.58195211786372
810;72;13;273;0.32967032967032966
8153;120;16;33;0.5757575757575758
8174;24;4;5417;0.7524460033228725
8193;83;4;3035;0.7192751235584843
8203;104;13;175;0.12
8204;9;9;49;0.7755102040816326
8239;88;13;804;0.5708955223880597
8277;24;4;12239;0.8713130157692622
8309;120;16;1099;0.8098271155595996
8362;21;16;270;0.4777777777777778
8424;83;4;5272;0.8272003034901366
8460;106;12;21;0.5238095238095238
8490;120;16;735;0.7578231292517007
8518;83;4;10107;0.7817354308894825
8536;123;4;33;0.7575757575757576
8590;49;12;47;0.46808510638297873
8671;17;13;599;0.4974958263772955
8710;120;16;230;0.7347826086956522
8758;71;16;254;0.6732283464566929
8854;104;13;199;0.10552763819095477
8903;17;13;543;0.6408839779005525
8953;32;4;28;0.6071428571428571
8955;16;4;1171;0.6558497011101623
8988;104;13;479;0.24843423799582465
9000;83;4;365;0.3095890410958904
9020;35;12;1171;0.7062339880444065
920;120;16;242;0.6942148760330579
9210;49;12;664;0.6521084337349398
9327;104;13;607;0.26194398682042835
9337;36;16;939;0.56975505857295
9339;106;12;1748;0.7374141876430206
9366;131;9;752;0.6156914893617021
9387;24;4;1837;0.7114861186717474
9472;83;4;542;0.48523985239852396
9477;21;16;305;0.7377049180327869
95;66;6;582;0.25257731958762886
9558;120;16;40;0.825
9648;9;9;192;0.671875
9808;108;16;1137;0.7810026385224275
9837;19;13;31;0.1935483870967742
9839;83;4;4849;0.8595586718911116
9871;122;12;335;0.5791044776119403
9934;120;16;443;0.7878103837471784
9955;91;16;661;0.6384266263237519